Value,Time
1490.5,2.0
1490.25,4.0
1490.5,7.0
1490.5,9.0
1491.0,11.0
1491.25,13.0
1491.0,16.0
1491.0,18.0
1491.25,20.0
1491.5,23.0
1492.0,25.0
1493.0,27.0
1493.25,30.0
1492.25,32.0
1491.5,34.0
1491.25,36.0
1491.75,39.0
1492.25,41.0
1492.5,44.0
1492.25,47.0
1492.0,49.0
1491.75,51.0
1491.75,54.0
1491.75,56.0
1491.75,58.0
1491.75,60.75
1491.0,63.0
1491.0,65.0
1491.25,67.0
1491.0,70.0
1491.0,72.0
1491.25,74.0
1491.0,77.0
1491.0,79.0
1491.75,81.0
1491.5,84.0
1491.25,87.0
1491.0,89.0
1491.0,91.0
1490.25,94.0
1490.0,96.0
1490.0,98.0
1490.5,101.0
1491.0,103.0
1490.5,105.0
1490.75,108.0
1491.0,110.0
1490.5,112.0
1490.25,115.0
1490.75,117.0
1491.0,120.0
1491.0,122.0
1490.75,124.0
1490.25,128.0
1490.0,130.0
1490.25,132.0
1490.75,135.0
1491.0,137.0
1491.0,139.0
1491.0,142.0
1491.0,144.0
1490.75,146.0
1490.75,149.0
1490.5,151.0
1491.0,153.0
1490.75,156.0
1490.75,158.0
1491.25,161.0
1491.0,163.0
1491.0,165.0
1491.0,168.0
1490.75,171.0
1491.0,173.0
1491.25,176.0
1491.25,178.0
1491.0,180.0
1491.0,183.0
1490.75,185.0
1491.25,187.0
1491.0,190.0
1491.75,192.0
1491.75,194.0
1491.75,197.0
1491.25,199.0
1491.5,202.0
1491.75,204.0
1491.75,206.0
1491.75,209.0
1491.25,211.0
1491.5,214.0
1491.75,217.0
1492.25,219.0
1491.25,221.0
1491.0,224.0
1491.0,226.0
1490.75,228.0
1491.0,231.0
1490.75,233.0
1490.5,235.75
1491.0,238.0
1491.5,240.0
1491.75,243.0
1491.75,245.0
1491.5,247.0
1492.0,250.0
1492.5,252.0
1492.25,254.0
1492.25,258.0
1491.75,260.0
1491.5,262.0
1492.0,265.0
1491.75,267.0
1491.75,269.0
1492.0,272.0
1491.75,274.0
1492.0,277.0
1491.75,279.0
1491.25,281.0
1491.0,284.0
1490.75,286.0
1490.25,288.0
1490.5,291.0
1490.75,293.0
1490.5,295.0
1490.5,299.0
1489.75,301.0
1490.0,303.0
1490.25,306.0
1490.75,308.0
1490.75,310.0
1490.75,313.0
1490.0,315.0
1490.0,318.0
1490.25,320.0
1490.5,322.0
1491.0,325.0
1491.0,327.0
1491.5,329.0
1491.75,332.0
1492.0,334.0
1492.5,336.0
1492.5,339.0
1491.25,342.0
1490.75,344.0
1491.0,347.0
1491.0,349.0
1490.25,351.25
1490.25,354.0
1490.75,356.0
1491.25,359.0
1491.25,361.0
1491.5,363.0
1491.5,366.0
1492.0,368.0
1492.5,370.0
1492.0,373.0
1492.0,375.0
1491.75,377.0
1492.25,380.0
1492.5,382.0
1492.25,385.0
1493.0,388.0
1493.5,390.0
1493.75,393.0
1493.5,395.0
1492.75,397.0
1492.75,400.0
1492.75,402.0
1493.0,404.0
1492.75,407.0
1492.25,409.0
1492.25,411.0
1492.5,414.0
1491.75,416.0
1492.0,418.0
1492.5,421.0
1493.0,423.0
1493.0,425.0
1492.75,429.0
1492.5,431.0
1492.75,434.0
1492.25,436.0
1492.0,438.0
1491.75,441.0
1491.75,443.0
1491.75,445.0
1491.75,448.0
1491.75,450.0
1492.0,452.0
1492.25,455.0
1492.25,457.0
1492.5,459.0
1492.25,462.0
1492.5,464.0
1492.25,466.25
1491.25,470.0
1491.0,472.0
1492.0,475.0
1492.25,477.0
1492.5,479.0
1492.5,482.0
1492.75,484.0
1492.5,486.0
1492.5,489.0
1492.5,491.0
1492.0,493.0
1491.75,496.0
1491.0,498.0
1490.5,500.0
1490.25,503.0
1491.0,505.0
1491.0,508.0
1491.25,510.0
1491.25,513.0
1491.5,516.0
1491.75,518.0
1492.0,520.0
1491.5,523.0
1491.75,525.0
1491.0,527.0
1491.0,530.0
1490.75,532.0
1491.0,534.0
1491.0,537.0
1491.0,539.0
1490.5,541.0
1490.5,544.0
1490.5,546.0
1490.75,549.0
1490.75,551.0
1490.5,553.0
1490.0,557.0
1489.75,559.0
1489.5,561.0
1489.25,564.0
1489.25,566.0
1489.75,568.0
1490.25,571.0
1490.5,573.0
1490.75,575.0
1491.0,578.0
1491.25,580.0
1491.5,582.75
1491.5,585.0
1490.5,587.0
1490.5,590.0
1491.25,592.0
1491.5,594.0
1491.25,598.0
1490.75,600.0
1490.75,602.0
1491.25,605.0
1491.0,607.0
1491.0,609.0
1491.25,612.0
1491.5,614.0
1491.5,616.0
1491.5,619.0
1490.75,621.0
1490.75,624.0
1490.75,626.0
1491.25,628.0
1491.0,631.0
1490.25,633.0
1490.25,635.0
1490.25,638.0
1490.0,641.0
1490.0,643.0
1490.0,646.0
1490.0,648.0
1489.5,650.0
1489.25,653.0
1489.75,655.0
1490.0,657.75
1490.5,660.0
1490.25,662.0
1490.25,665.0
1490.25,667.0
1490.0,669.0
1489.5,672.0
1489.25,674.0
1489.5,676.0
1490.0,679.0
1490.25,681.0
1490.25,684.0
1489.5,687.0
1489.25,689.0
1489.0,691.0
1488.75,694.0
1488.0,696.0
1487.5,699.0
1488.25,701.0
1488.75,703.0
1489.5,706.0
1489.0,708.0
1489.25,710.0
1489.5,713.0
1489.25,715.0
1489.0,717.0
1489.0,720.0
1489.0,722.0
1489.25,724.0
1488.75,728.0
1488.25,730.0
1488.5,732.25
1488.25,735.0
1488.75,737.0
1488.5,740.0
1488.5,742.0
1488.5,744.0
1488.25,747.0
1488.0,749.0
1487.75,751.0
1487.5,754.0
1487.5,756.0
1487.5,758.0
1487.25,761.0
1488.0,763.0
1488.0,765.0
1488.25,769.0
1489.25,771.0
1489.75,774.0
1489.25,776.0
1488.5,778.0
1488.75,781.0
1488.75,783.0
1488.5,785.0
1488.5,788.0
1488.75,790.0
1488.75,792.0
1488.75,795.0
1489.0,797.0
1489.0,799.0
1489.25,802.0
1489.25,804.0
1489.0,806.0
1488.75,809.0
1488.5,812.0
1489.0,815.0
1489.5,817.0
1489.25,819.0
1489.0,822.0
1488.5,824.0
1489.0,826.0
1489.75,829.0
1489.75,831.0
1490.0,833.0
1489.75,836.0
1489.5,838.0
1490.5,840.0
1490.75,843.0
1490.25,845.0
1489.5,847.25
1489.25,850.0
1490.0,852.0
1490.5,856.0
1490.25,858.0
1490.0,860.0
1490.0,863.0
1490.25,865.0
1490.25,867.0
1490.5,870.0
1491.0,872.0
1490.5,874.0
1490.25,877.0
1490.25,879.0
1490.0,881.0
1490.25,884.0
1490.0,886.0
1489.5,889.0
1488.75,891.0
1489.75,893.0
1490.5,897.0
1490.0,899.0
1489.25,901.0
1489.0,904.0
1489.0,906.0
1488.75,908.0
1489.25,911.0
1489.75,913.0
1489.5,915.0
1489.25,918.0
1489.5,920.0
1489.25,922.0
1489.5,925.0
1489.25,927.0
1488.75,930.0
1488.25,932.0
1488.75,934.0
1489.5,937.0
1489.5,940.0
1489.5,942.0
1490.0,945.0
1489.75,947.0
1489.75,949.0
1489.5,952.0
1490.0,954.0
1490.25,956.0
1490.0,959.0
1489.75,961.0
1490.0,963.25
1490.25,966.0
1490.5,968.0
1490.25,971.0
1490.0,973.0
1489.75,975.0
1490.25,978.0
1490.0,980.0
1490.5,983.0
1490.25,986.0
1490.0,988.0
1490.25,990.0
1490.5,993.0
1491.0,995.0
1490.75,997.0
1490.5,1000.0
1490.5,1002.0
1491.25,1005.0
1491.0,1007.0
1491.0,1009.0
1490.75,1012.0
1490.75,1014.0
1490.75,1017.0
1491.25,1019.0
1491.25,1021.0
1491.25,1025.0
1491.25,1027.0
1490.75,1030.0
1490.5,1032.0
1490.5,1034.25
1491.25,1037.0
1492.0,1039.0
1491.75,1042.0
1491.0,1044.0
1491.25,1046.75
1491.25,1049.0
1490.75,1051.0
1490.5,1054.0
1490.25,1056.0
1490.25,1059.0
1490.5,1061.0
1491.0,1063.0
1491.25,1067.0
1490.5,1069.0
1490.25,1072.0
1490.25,1074.0
1491.25,1076.0
1492.0,1079.0
1492.0,1081.0
1491.25,1084.0
1491.0,1086.0
1491.0,1088.0
1491.5,1091.0
1492.75,1093.0
1493.25,1096.0
1492.75,1098.0
1491.75,1100.0
1490.75,1103.0
1490.75,1105.0
1490.5,1108.0
1490.25,1111.0
1490.25,1113.0
1490.25,1116.0
1490.25,1118.0
1490.0,1121.0
1490.0,1123.0
1489.75,1125.0
1490.25,1128.0
1490.25,1130.0
1490.0,1133.0
1490.0,1135.0
1490.5,1137.25
1490.5,1140.0
1490.0,1142.0
1490.0,1145.0
1490.0,1147.0
1490.5,1150.0
1490.5,1153.0
1490.25,1155.0
1489.75,1158.0
1489.25,1160.0
1489.25,1163.0
1489.0,1165.0
1489.0,1167.0
1489.0,1170.0
1488.5,1172.0
1488.0,1175.0
1487.75,1177.0
1488.25,1179.0
1488.75,1182.0
1488.75,1184.0
1488.75,1187.0
1488.5,1189.0
1489.0,1191.0
1489.0,1195.0
1489.25,1197.0
1489.25,1200.0
1489.0,1202.0
1488.25,1204.0
1488.25,1207.0
1488.25,1209.0
1488.5,1212.0
1488.5,1214.0
1489.0,1216.0
1488.5,1219.0
1488.25,1221.0
1487.75,1224.0
1487.25,1226.0
1487.25,1228.25
1488.0,1231.0
1488.25,1233.0
1488.25,1236.0
1488.0,1239.0
1487.5,1241.75
1487.25,1244.0
1487.0,1246.0
1488.25,1249.0
1488.75,1251.0
1488.5,1254.0
1488.0,1256.0
1486.75,1258.0
1486.75,1261.0
1486.5,1263.0
1487.0,1266.0
1487.5,1268.0
1487.0,1270.0
1486.25,1273.0
1486.75,1275.0
1487.25,1278.0
1488.5,1281.0
1488.5,1283.0
1488.5,1286.0
1488.0,1288.0
1487.75,1291.0
1488.5,1293.0
1488.75,1295.0
1490.0,1298.0
1490.25,1300.0
1490.25,1303.0
1489.5,1305.0
1489.0,1307.0
1489.25,1310.0
1489.5,1312.0
1491.0,1315.0
1492.25,1317.0
1492.5,1319.0
1491.25,1323.0
1490.5,1325.0
1489.75,1328.0
1488.5,1330.0
1488.0,1332.0
1487.75,1335.0
1489.5,1337.0
1492.0,1340.0
1493.5,1342.0
1494.25,1344.5
1495.0,1347.0
1494.25,1349.0
1493.25,1352.0
1490.75,1354.0
1490.0,1356.75
1490.0,1359.0
1491.75,1361.0
1491.75,1364.0
1490.75,1367.0
1489.0,1370.0
1487.75,1372.0
1487.25,1374.0
1489.0,1377.0
1489.0,1379.0
1488.25,1382.0
1488.75,1384.0
1490.0,1386.0
1493.0,1389.0
1494.5,1391.0
1491.75,1394.0
1489.75,1396.0
1488.75,1398.0
1489.5,1401.0
1490.5,1403.0
1491.75,1406.0
1492.75,1409.0
1493.25,1411.0
1489.5,1414.0
1485.0,1416.0
1489.25,1419.0
1494.75,1421.0
1498.0,1423.0
1497.25,1426.0
1497.75,1428.0
1494.75,1431.0
1492.0,1433.0
1492.5,1435.25
1494.0,1438.0
1494.75,1440.0
1493.0,1443.0
1491.5,1445.0
1491.0,1447.75
1491.75,1451.0
1491.25,1453.0
1490.25,1456.0
1491.75,1458.0
1493.0,1460.75
1491.75,1463.0
1490.0,1465.0
1492.25,1468.0
1493.5,1470.0
1493.0,1473.0
1493.25,1475.0
1495.5,1477.0
1496.75,1480.0
1498.75,1482.0
1499.5,1485.0
1502.5,1487.0
1502.25,1489.0
1499.5,1492.0
1496.0,1495.0
1492.75,1498.0
1489.5,1500.0
1487.75,1502.0
1494.5,1505.0
1502.75,1507.0
1507.5,1510.0
1510.75,1512.0
1504.5,1514.0
1502.5,1517.0
1500.75,1519.0
1503.0,1522.0
1505.75,1524.0
1501.25,1526.5
1494.75,1529.0
1495.25,1531.0
1499.0,1534.0
1504.75,1537.0
1503.5,1539.5
1500.25,1542.0
1494.75,1544.0
1495.5,1547.0
1499.0,1549.0
1501.0,1551.75
1502.25,1554.0
1502.0,1556.0
1503.0,1559.0
1504.0,1561.0
1498.75,1563.75
1492.5,1566.0
1497.0,1568.0
1494.5,1571.0
1489.75,1573.0
1500.5,1576.0
1508.0,1579.0
1499.0,1581.0
1492.0,1584.0
1493.5,1586.0
1492.0,1589.0
1483.75,1591.0
1485.0,1593.0
1489.0,1596.0
1490.0,1598.0
1489.5,1601.0
1487.25,1603.0
1486.0,1605.5
1484.75,1608.0
1487.75,1610.0
1488.0,1613.0
1486.0,1615.0
1483.75,1617.5
1487.0,1620.0
1488.25,1623.0
1488.5,1626.0
1494.25,1628.0
1494.25,1630.5
1485.5,1633.0
1478.25,1635.0
1483.0,1638.0
1493.0,1640.0
1490.75,1642.75
1488.5,1645.0
1486.5,1647.0
1482.0,1650.0
1481.25,1652.0
1483.0,1654.75
1481.5,1657.0
1479.25,1659.0
1477.25,1662.0
1479.5,1665.0
1479.25,1667.75
1475.5,1670.0
1473.25,1672.0
1473.25,1675.0
1469.5,1677.0
1470.5,1680.0
1478.75,1682.0
1488.25,1684.0
1489.0,1687.0
1482.75,1689.0
1480.25,1692.0
1479.25,1694.0
1475.75,1696.0
1473.25,1699.0
1472.25,1701.0
1473.25,1704.0
1477.5,1707.0
1480.75,1709.25
1484.75,1712.0
1484.0,1714.0
1476.5,1717.0
1477.0,1719.0
1479.0,1721.5
1484.0,1724.0
1489.0,1726.0
1488.75,1729.0
1478.0,1731.0
1471.25,1733.5
1474.25,1736.0
1477.0,1738.0
1475.5,1741.0
1473.0,1743.0
1476.75,1745.75
1486.0,1748.0
1490.0,1751.0
1480.0,1754.0
1472.75,1756.0
1471.25,1758.75
1473.5,1761.0
1478.5,1763.0
1476.0,1766.0
1471.75,1768.0
1471.25,1770.75
1475.5,1773.0
1480.0,1775.0
1488.0,1778.0
1491.75,1780.0
1487.5,1783.0
1482.0,1785.0
1482.0,1787.0
1485.5,1790.0
1483.0,1793.0
1478.25,1796.0
1474.5,1798.0
1476.0,1800.0
1478.75,1803.0
1480.25,1805.0
1478.75,1808.0
1480.0,1810.0
1478.25,1812.25
1475.0,1815.0
1479.5,1817.0
1485.0,1820.0
1486.25,1822.0
1486.25,1824.5
1488.0,1827.0
1487.25,1829.0
1487.5,1832.0
1487.0,1835.0
1483.75,1837.75
1484.25,1840.0
1481.0,1842.0
1481.0,1845.0
1483.25,1847.0
1487.75,1849.75
1493.0,1852.0
1491.0,1854.0
1487.0,1857.0
1480.75,1859.0
1479.0,1861.75
1485.5,1864.0
1486.75,1866.0
1487.5,1869.0
1488.25,1871.0
1482.75,1874.0
1479.25,1876.0
1478.5,1879.0
1481.25,1882.0
1480.25,1884.0
1482.75,1887.0
1488.75,1889.0
1491.75,1891.0
1490.5,1894.0
1487.25,1896.0
1488.5,1899.0
1484.5,1901.0
1481.25,1903.25
1487.25,1906.0
1495.5,1908.0
1498.25,1911.0
1496.5,1913.0
1495.5,1915.25
1496.75,1918.0
1492.75,1921.0
1491.25,1924.0
1492.25,1926.0
1489.0,1928.75
1485.75,1931.0
1486.0,1933.0
1482.0,1936.0
1480.5,1938.0
1480.0,1940.75
1482.25,1943.0
1490.75,1945.0
1493.5,1948.0
1489.0,1950.0
1488.0,1952.75
1488.5,1955.0
1488.75,1957.0
1491.0,1960.0
1495.25,1963.0
1493.5,1966.0
1490.75,1968.0
1492.0,1970.0
1492.0,1973.0
1489.0,1975.0
1489.0,1978.0
1491.5,1980.0
1493.0,1982.0
1500.0,1985.0
1511.5,1987.0
1504.75,1990.0
1487.75,1992.0
1482.25,1994.0
1489.0,1997.0
1496.75,1999.0
1494.0,2002.0
1491.25,2004.0
1488.75,2007.25
1489.75,2010.0
1493.25,2012.0
1498.0,2015.0
1497.5,2017.0
1496.0,2019.5
1489.75,2022.0
1488.5,2024.0
1492.0,2027.0
1492.25,2029.0
1490.75,2031.75
1491.5,2034.0
1495.75,2036.0
1493.5,2039.0
1494.0,2041.0
1498.25,2043.75
1500.0,2046.0
1492.75,2049.0
1487.25,2052.0
1486.5,2054.0
1487.0,2057.0
1488.0,2059.0
1493.0,2061.0
1498.25,2064.0
1499.5,2066.0
1498.25,2069.0
1494.25,2071.0
1490.0,2073.0
1490.5,2076.0
1496.25,2078.0
1497.0,2081.0
1494.25,2083.0
1497.25,2085.0
1497.0,2088.0
1490.0,2091.0
1489.5,2094.0
1487.75,2096.0
1488.75,2098.25
1488.0,2101.0
1486.25,2103.0
1487.25,2106.0
1495.25,2108.0
1500.0,2110.5
1490.25,2113.0
1487.75,2115.0
1486.5,2118.0
1486.5,2120.0
1489.5,2122.75
1495.25,2125.0
1497.75,2127.0
1493.75,2130.0
1495.75,2132.0
1498.5,2135.75
1496.5,2138.0
1495.75,2140.0
1494.5,2143.0
1490.0,2145.0
1487.5,2148.0
1487.25,2150.0
1487.0,2152.0
1491.5,2155.0
1491.5,2157.0
1490.0,2160.0
1494.5,2162.0
1495.75,2164.0
1491.75,2167.0
1489.5,2169.0
1490.0,2172.0
1494.0,2174.0
1495.5,2177.25
1494.25,2180.0
1496.5,2182.0
1497.5,2185.0
1499.25,2187.0
1496.5,2189.5
1493.0,2192.0
1492.75,2194.0
1496.5,2197.0
1496.75,2199.0
1493.25,2201.75
1486.0,2204.0
1483.25,2206.0
1488.5,2209.0
1496.5,2211.0
1500.25,2213.75
1493.25,2216.0
1488.25,2219.0
1489.25,2222.0
1490.5,2224.0
1492.75,2227.0
1493.5,2229.0
1491.75,2231.0
1485.75,2234.0
1489.25,2236.0
1492.75,2239.0
1490.0,2241.0
1489.25,2243.0
1488.5,2246.0
1488.25,2248.0
1489.25,2251.0
1487.25,2253.0
1487.25,2255.0
1488.25,2258.0
1487.0,2260.0
1486.75,2264.0
1496.25,2266.0
1498.5,2268.5
1496.75,2271.0
1498.0,2273.0
1495.5,2276.0
1493.5,2278.0
1490.0,2280.5
1491.0,2283.0
1493.0,2285.0
1489.25,2288.0
1485.5,2290.0
1486.25,2292.75
1488.5,2295.0
1493.5,2297.0
1500.25,2300.0
1499.75,2302.0
1497.25,2306.0
1494.0,2308.0
1490.25,2310.0
1487.0,2313.0
1485.25,2315.0
1483.0,2318.0
1485.5,2320.0
1489.5,2322.0
1490.5,2325.0
1492.75,2327.0
1501.0,2330.0
1502.0,2332.0
1496.5,2334.0
1492.0,2337.0
1494.25,2339.0
1495.5,2342.0
1493.25,2344.0
1495.75,2347.25
1494.5,2350.0
1492.0,2352.0
1494.5,2355.0
1500.0,2357.0
1503.0,2359.75
1502.25,2362.0
1496.75,2364.0
1495.0,2367.0
1497.25,2369.0
1494.0,2371.75
1495.25,2374.0
1496.75,2376.0
1487.5,2379.0
1483.25,2381.0
1488.5,2384.0
1490.75,2386.0
1487.25,2388.0
1486.0,2392.0
1486.5,2394.0
1484.75,2397.0
1489.0,2399.0
1493.25,2401.0
1493.5,2404.0
1493.0,2406.0
1495.75,2409.0
1494.25,2411.0
1487.75,2413.0
1484.75,2416.0
1485.0,2418.0
1486.0,2421.0
1488.75,2423.0
1486.5,2425.0
1484.75,2428.0
1486.25,2430.0
1486.75,2434.0
1489.25,2436.0
1489.0,2438.75
1489.25,2441.0
1488.75,2443.0
1486.25,2446.0
1486.0,2448.0
1482.75,2450.75
1480.5,2453.0
1482.75,2455.0
1486.75,2458.0
1487.5,2460.0
1486.5,2463.0
1483.5,2465.0
1485.25,2467.0
1483.25,2470.0
1482.25,2472.0
1481.25,2476.0
1482.0,2478.0
1481.25,2480.0
1480.5,2483.0
1480.75,2485.0
1484.75,2488.0
1490.0,2490.0
1490.0,2492.0
1489.5,2495.0
1487.25,2497.0
1488.5,2500.0
1489.5,2502.0
1489.75,2504.0
1491.25,2507.0
1487.5,2509.0
1484.5,2512.0
1484.0,2514.0
1482.0,2517.5
1483.75,2520.0
1485.0,2522.0
1484.0,2525.0
1487.25,2527.0
1489.5,2529.75
1489.75,2532.0
1490.5,2534.0
1493.5,2537.0
1490.5,2539.0
1489.0,2542.0
1490.0,2544.0
1489.75,2546.0
1487.0,2549.0
1489.0,2551.0
1492.0,2554.0
1491.0,2556.0
1486.25,2558.0
1484.5,2562.0
1487.0,2564.0
1494.25,2567.0
1496.25,2569.0
1491.0,2571.0
1486.5,2574.0
1486.5,2576.0
1487.75,2579.0
1481.0,2581.0
1484.5,2583.0
1492.25,2586.0
1493.25,2588.0
1492.25,2591.0
1491.75,2593.0
1493.0,2595.25
1498.75,2598.0
1505.75,2600.0
1499.25,2604.0
1490.25,2606.0
1491.5,2608.75
1504.25,2611.0
1510.0,2613.0
1501.5,2616.0
1499.0,2618.0
1500.25,2620.75
1493.25,2623.0
1488.25,2625.0
1487.75,2628.0
1490.25,2630.0
1490.0,2632.75
1483.5,2635.0
1480.75,2637.0
1486.5,2640.0
1490.75,2642.0
1493.25,2646.0
1501.5,2648.0
1500.0,2650.0
1493.25,2653.0
1496.5,2655.0
1499.0,2658.0
1489.75,2660.0
1484.25,2662.0
1485.25,2665.0
1494.75,2667.0
1498.5,2670.0
1495.25,2672.0
1496.0,2674.0
1501.0,2677.0
1506.0,2679.0
1503.75,2682.0
1499.5,2684.0
1497.5,2686.5
1497.25,2690.0
1496.5,2692.0
1494.25,2695.0
1493.25,2697.0
1495.5,2699.75
1495.25,2702.0
1495.75,2704.0
1495.0,2707.0
1493.25,2709.0
1496.5,2711.75
1500.5,2714.0
1500.25,2716.0
1499.75,2719.0
1497.25,2721.0
1494.0,2723.75
1494.5,2726.0
1500.5,2728.0
1501.0,2732.0
1495.0,2734.0
1501.5,2736.75
1497.5,2739.0
1494.5,2741.0
1497.0,2744.0
1499.0,2746.0
1498.25,2749.0
1497.0,2751.0
1491.75,2753.0
1488.5,2756.0
1493.5,2758.0
1493.0,2761.0
1488.0,2763.0
1489.25,2765.0
1486.25,2768.0
1483.0,2770.0
1487.5,2774.0
1500.25,2776.0
1503.75,2778.5
1493.25,2781.0
1485.5,2783.0
1483.75,2786.0
1486.25,2788.0
1493.25,2790.75
1494.5,2793.0
1492.75,2795.0
1495.25,2798.0
1494.25,2800.0
1491.5,2802.75
1483.0,2805.0
1481.5,2807.0
1491.0,2810.0
1497.0,2812.0
1499.25,2815.5
1504.25,2818.0
1504.5,2820.0
1502.25,2823.0
1500.25,2825.0
1499.0,2828.0
1495.75,2830.0
1498.5,2832.0
1497.25,2835.0
1492.25,2837.0
1489.0,2840.0
1489.75,2842.0
1490.0,2844.0
1490.75,2847.0
1490.0,2849.0
1490.0,2852.0
1487.5,2854.0
1479.75,2856.0
1474.5,2860.0
1480.5,2862.0
1486.75,2865.0
1491.25,2867.0
1497.75,2869.5
1493.0,2872.0
1491.0,2874.0
1485.5,2877.0
1492.75,2879.0
1506.0,2881.75
1504.75,2884.0
1499.0,2886.0
1492.5,2889.0
1487.75,2891.0
1493.25,2893.75
1506.25,2896.0
1505.5,2898.0
1497.25,2902.0
1489.25,2904.0
1493.25,2906.75
1497.5,2909.0
1484.5,2911.0
1478.5,2914.0
1474.5,2916.0
1475.0,2919.0
1489.75,2921.0
1486.75,2923.0
1482.0,2926.0
1490.75,2928.0
1495.0,2931.0
1493.0,2933.0
1487.5,2935.0
1480.0,2938.0
1478.75,2940.0
1484.0,2944.0
1493.0,2946.0
1496.25,2948.25
1492.25,2951.0
1491.0,2953.0
1496.5,2956.0
1497.75,2958.0
1497.25,2960.75
1490.0,2963.0
1484.5,2965.0
1484.75,2968.0
1481.25,2970.0
1481.0,2972.75
1481.0,2975.0
1480.0,2977.0
1475.75,2980.0
1478.25,2982.0
1487.0,2984.75
1487.75,2988.0
1486.0,2990.0
1483.5,2993.0
1483.0,2995.0
1493.25,2997.75
1499.0,3000.0
1493.5,3002.0
1493.0,3005.0
1497.75,3007.0
1501.75,3010.0
1496.0,3012.0
1486.25,3014.0
1482.0,3017.0
1479.25,3019.0
1485.5,3022.0
1499.25,3024.0
1502.75,3026.5
1499.5,3030.0
1491.5,3032.0
1493.5,3035.0
1489.25,3037.0
1481.0,3039.75
1470.5,3042.0
1465.25,3044.0
1472.75,3047.0
1488.75,3049.0
1502.5,3051.75
1501.25,3054.0
1494.5,3056.0
1493.0,3059.0
1483.0,3061.0
1483.5,3063.75
1492.0,3066.0
1492.0,3068.0
1495.25,3072.0
1497.5,3074.0
1500.75,3077.0
1502.75,3079.0
1497.5,3081.0
1494.75,3084.0
1490.0,3086.0
1482.75,3089.0
1475.75,3091.0
1475.75,3093.0
1478.75,3096.0
1472.25,3098.0
1468.75,3101.0
1471.0,3103.0
1478.25,3105.5
1488.5,3108.0
1488.0,3110.0
1482.5,3113.0
1478.25,3116.0
1479.75,3118.75
1488.5,3121.0
1493.25,3123.0
1489.0,3126.0
1483.25,3128.0
1486.5,3130.75
1487.25,3133.0
1482.75,3135.0
1481.0,3138.0
1479.25,3140.0
1479.0,3142.75
1486.75,3145.0
1493.25,3147.0
1494.5,3150.0
1487.25,3152.0
1481.5,3155.0
1478.5,3158.0
1475.25,3160.25
1476.75,3163.0
1482.25,3165.0
1485.0,3168.0
1480.75,3170.0
1482.25,3172.5
1486.5,3175.0
1491.75,3177.0
1495.0,3180.0
1481.0,3182.0
1473.5,3184.5
1473.75,3187.0
1481.25,3189.0
1485.75,3192.0
1481.25,3194.0
1482.75,3196.75
1491.5,3200.0
1494.5,3202.0
1491.5,3205.0
1483.25,3207.0
1475.25,3209.75
1476.75,3212.0
1474.75,3214.0
1486.75,3217.0
1501.25,3219.0
1497.75,3221.75
1488.0,3224.0
1484.5,3226.0
1476.0,3229.0
1469.0,3231.0
1469.75,3233.75
1478.25,3236.0
1488.75,3238.0
1488.0,3241.0
1484.25,3244.0
1486.75,3247.0
1480.5,3249.0
1478.25,3251.25
1484.0,3254.0
1488.5,3256.0
1490.75,3259.0
1494.75,3261.0
1498.75,3263.5
1504.75,3266.0
1509.5,3268.0
1515.25,3271.0
1526.75,3273.0
1528.5,3275.5
1504.5,3278.0
1497.0,3280.0
1500.75,3283.0
1492.75,3286.0
1482.25,3288.5
1479.0,3291.0
1487.25,3293.0
1487.25,3296.0
1470.0,3298.0
1464.25,3300.5
1464.25,3303.0
1476.5,3305.0
1493.5,3308.0
1493.25,3310.0
1481.25,3312.75
1465.25,3315.0
1470.75,3317.0
1487.0,3320.0
1484.75,3322.0
1475.5,3324.75
1473.75,3328.0
1480.25,3330.0
1484.0,3333.0
1475.25,3335.0
1469.25,3338.0
1478.5,3340.0
1490.0,3342.25
1491.0,3345.0
1489.5,3347.0
1484.0,3350.0
1475.25,3352.0
1481.0,3354.5
1483.5,3357.0
1480.0,3359.0
1478.75,3362.0
1484.5,3364.0
1483.25,3366.5
1479.0,3369.0
1480.75,3372.0
1483.5,3375.0
1486.25,3377.0
1489.5,3379.5
1484.0,3382.0
1469.25,3384.0
1467.0,3387.0
1473.0,3389.0
1484.5,3391.5
1482.25,3394.0
1471.5,3396.0
1472.25,3399.0
1476.0,3401.0
1478.75,3403.75
1483.0,3406.0
1482.25,3408.0
1480.5,3411.0
1483.75,3414.0
1487.0,3416.75
1490.75,3419.0
1490.25,3421.0
1492.5,3424.0
1489.5,3426.0
1484.75,3429.0
1481.5,3431.0
1489.0,3433.25
1490.0,3436.0
1484.25,3438.0
1487.0,3441.0
1477.5,3443.0
1469.75,3445.5
1468.5,3448.0
1469.25,3450.0
1468.25,3453.0
1471.75,3456.0
1478.75,3458.5
1478.5,3461.0
1475.0,3463.0
1475.5,3466.0
1475.75,3468.0
1473.25,3470.5
1477.75,3473.0
1483.25,3475.0
1475.25,3478.0
1473.5,3480.0
1475.75,3482.5
1481.75,3485.0
1488.75,3487.0
1495.75,3490.0
1493.5,3492.0
1480.5,3494.75
1476.25,3497.0
1470.25,3500.0
1475.25,3503.0
1486.25,3505.0
1488.25,3508.0
1479.25,3510.0
1477.5,3512.25
1484.0,3515.0
1484.5,3517.0
1488.5,3520.0
1489.0,3522.0
1483.25,3524.25
1475.0,3527.0
1471.0,3529.0
1467.0,3532.0
1473.75,3534.0
1477.25,3536.5
1474.25,3539.0
1470.0,3542.0
1470.5,3545.0
1477.75,3547.0
1484.5,3549.5
1484.25,3552.0
1484.25,3554.0
1478.0,3557.0
1475.0,3559.0
1474.0,3561.5
1480.75,3564.0
1485.0,3566.0
1482.25,3569.0
1486.25,3571.0
1487.5,3573.5
1483.5,3576.0
1475.25,3578.0
1472.75,3581.0
1476.0,3584.0
1471.5,3587.0
1474.0,3589.0
1481.25,3591.0
1480.0,3594.0
1473.5,3596.0
1477.0,3599.0
1478.25,3601.0
1479.75,3603.25
1481.25,3606.0
1471.75,3608.0
1465.5,3611.0
1467.75,3613.0
1473.0,3615.5
1483.5,3618.0
1489.5,3620.0
1480.25,3623.0
1477.5,3625.0
1477.0,3628.5
1475.5,3631.0
1481.75,3633.0
1481.5,3636.0
1480.5,3638.0
1487.75,3640.5
1488.25,3643.0
1482.0,3645.0
1478.75,3648.0
1474.75,3650.0
1473.25,3652.5
1477.5,3655.0
1481.5,3657.0
1477.75,3660.0
1476.75,3662.0
1477.0,3665.0
1478.5,3667.0
1483.5,3670.0
1478.75,3673.0
1477.5,3675.0
1476.0,3678.0
1480.25,3680.0
1488.0,3682.25
1485.25,3685.0
1476.25,3687.0
1478.0,3690.0
1481.5,3692.0
1478.5,3694.5
1476.25,3697.0
1483.5,3699.0
1494.0,3702.0
1491.0,3704.0
1482.0,3706.5
1480.25,3709.0
1481.5,3712.0
1483.0,3715.0
1487.25,3717.0
1489.25,3719.5
1480.5,3722.0
1484.0,3724.0
1498.75,3727.0
1498.5,3729.0
1488.5,3731.5
1484.25,3734.0
1477.0,3736.0
1473.0,3739.0
1474.75,3741.0
1477.5,3743.75
1479.5,3746.0
1480.25,3748.0
1470.5,3751.0
1463.5,3753.0
1462.0,3757.0
1465.25,3759.0
1468.5,3761.25
1477.25,3764.0
1484.0,3766.0
1481.25,3769.0
1473.5,3771.0
1475.5,3773.5
1479.25,3776.0
1482.75,3778.0
1495.5,3781.0
1500.5,3783.0
1498.25,3785.5
1488.0,3788.0
1484.25,3790.0
1485.5,3793.0
1483.25,3795.0
1484.25,3798.5
1484.5,3801.0
1477.5,3803.0
1471.5,3806.0
1472.75,3808.0
1479.25,3810.5
1478.75,3813.0
1475.75,3815.0
1471.75,3818.0
1476.0,3820.0
1487.0,3822.75
1485.75,3825.0
1483.25,3827.0
1484.5,3830.0
1485.25,3832.0
1479.5,3835.0
1474.0,3837.0
1474.25,3840.5
1478.5,3843.0
1480.75,3845.0
1483.25,3848.0
1483.75,3850.0
1484.25,3852.5
1485.25,3855.0
1490.25,3857.0
1495.75,3860.0
1500.25,3862.0
1492.5,3864.5
1481.0,3867.0
1477.5,3869.0
1479.0,3872.0
1482.75,3874.0
1490.25,3876.5
1490.0,3879.0
1481.0,3881.0
1474.25,3885.0
1465.0,3887.0
1465.25,3889.5
1471.5,3892.0
1477.0,3894.0
1481.75,3897.0
1488.0,3899.0
1492.0,3901.75
1486.5,3904.0
1481.25,3906.0
1478.75,3909.0
1480.25,3911.0
1483.5,3913.75
1485.25,3916.0
1482.0,3918.5
1484.75,3921.0
1485.75,3923.0
1487.0,3927.0
1494.5,3929.0
1497.5,3931.5
1488.0,3934.0
1473.25,3936.0
1477.25,3939.0
1487.5,3941.0
1494.25,3943.5
1492.5,3946.0
1486.25,3948.0
1483.0,3951.0
1482.5,3953.0
1479.25,3955.5
1480.0,3958.0
1482.25,3960.0
1481.0,3963.0
1475.0,3965.0
1471.75,3968.5
1468.75,3971.0
1467.25,3973.0
1468.5,3976.0
1473.5,3978.0
1480.75,3980.75
1491.75,3983.0
1494.25,3985.0
1486.0,3988.0
1485.5,3990.0
1487.5,3993.0
1487.0,3995.0
1484.75,3997.5
1480.25,4000.0
1480.5,4002.0
1494.0,4005.0
1498.75,4007.0
1491.75,4010.0
1491.0,4013.0
1487.0,4015.0
1492.75,4018.0
1492.5,4020.0
1491.75,4022.5
1488.25,4025.0
1488.0,4027.0
1483.25,4030.0
1481.25,4032.0
1482.25,4034.5
1484.25,4037.0
1481.25,4039.0
1481.0,4042.0
1476.75,4044.0
1471.0,4046.5
1477.5,4049.0
1489.75,4051.0
1489.0,4055.0
1489.25,4057.0
1486.25,4059.5
1480.0,4062.0
1484.75,4064.0
1493.25,4067.0
1500.25,4069.0
1499.25,4071.75
1491.75,4074.0
1489.0,4076.0
1486.0,4079.0
1482.5,4081.0
1485.75,4083.75
1482.5,4086.0
1480.75,4088.5
1484.5,4091.0
1491.5,4093.0
1492.75,4097.0
1486.0,4099.0
1482.25,4101.5
1478.25,4104.0
1483.5,4106.0
1482.75,4109.0
1479.0,4111.0
1478.5,4113.5
1483.75,4116.0
1477.25,4118.0
1470.5,4121.0
1477.5,4123.0
1492.25,4125.5
1502.5,4128.0
1491.75,4130.0
1485.5,4133.0
1486.5,4135.0
1484.75,4138.0
1485.5,4141.0
1487.25,4143.0
1491.5,4146.0
1492.0,4148.0
1498.0,4150.5
1499.5,4153.0
1495.0,4155.0
1495.5,4158.0
1490.75,4160.0
1489.75,4162.75
1485.75,4165.0
1484.5,4167.0
1483.5,4170.0
1488.75,4172.0
1492.75,4175.0
1489.0,4177.0
1482.25,4179.5
1487.0,4183.0
1494.25,4185.0
1489.75,4188.0
1484.25,4190.0
1482.75,4192.5
1479.5,4195.0
1483.25,4197.0
1487.25,4200.0
1489.25,4202.0
1486.75,4204.5
1482.0,4207.0
1485.0,4209.0
1487.75,4212.0
1490.75,4214.0
1490.0,4216.5
1490.0,4219.0
1494.0,4221.0
1493.0,4225.0
1498.25,4227.0
1504.75,4229.5
1501.5,4232.0
1493.25,4234.0
1483.75,4237.0
1486.0,4239.0
1492.75,4241.75
1492.5,4244.0
1495.75,4246.0
1491.25,4249.0
1481.5,4251.0
1483.75,4253.75
1491.5,4256.0
1495.0,4258.25
1490.5,4261.0
1482.5,4263.0
1476.25,4267.0
1476.0,4269.0
1481.0,4271.5
1491.0,4274.0
1498.5,4276.0
1500.0,4279.0
1497.75,4281.0
1490.25,4283.5
1485.25,4286.0
1492.75,4288.0
1499.5,4291.0
1503.0,4293.0
1497.5,4295.5
1491.0,4298.0
1489.75,4300.0
1489.5,4303.0
1490.25,4305.0
1489.0,4307.5
1491.25,4311.0
1491.5,4313.0
1491.25,4316.0
1494.75,4318.0
1494.5,4320.75
1485.5,4323.0
1474.0,4325.25
1471.0,4328.0
1476.0,4330.0
1475.75,4332.75
1473.5,4335.0
1477.25,4337.25
1483.5,4340.0
1485.25,4342.0
1490.0,4345.0
1494.0,4347.0
1499.25,4349.5
1496.75,4353.0
1492.75,4355.0
1489.5,4358.0
1489.75,4360.0
1492.5,4362.5
1491.25,4365.0
1490.25,4367.0
1485.0,4370.0
1486.5,4372.0
1489.25,4374.5
1485.5,4377.0
1486.75,4379.0
1486.75,4382.0
1484.0,4384.0
1484.5,4386.5
1485.75,4389.0
1485.75,4391.0
1484.5,4395.0
1481.75,4397.0
1482.5,4399.5
1484.5,4402.0
1487.75,4404.25
1488.0,4407.0
1485.25,4409.0
1477.5,4411.75
1478.5,4414.0
1478.25,4416.25
1484.25,4419.0
1479.0,4421.0
1472.25,4424.0
1471.75,4426.0
1470.5,4428.5
1473.75,4431.0
1484.0,4433.0
1485.25,4436.0
1484.0,4439.0
1490.25,4441.5
1489.5,4444.0
1487.75,4446.0
1486.5,4449.0
1486.25,4451.0
1489.0,4453.5
1484.75,4456.0
1489.75,4458.0
1496.5,4461.0
1491.0,4463.0
1479.0,4465.5
1477.5,4468.0
1478.25,4470.0
1483.25,4473.0
1485.5,4475.0
1480.5,4477.5
1479.0,4481.0
1479.5,4483.25
1480.0,4486.0
1482.0,4488.0
1481.25,4491.0
1481.25,4493.0
1482.0,4495.25
1483.75,4498.0
1478.25,4500.0
1473.75,4503.0
1474.25,4505.0
1480.0,4507.5
1486.0,4510.0
1488.25,4512.0
1482.0,4515.0
1476.75,4517.0
1485.75,4519.5
1492.25,4523.0
1495.25,4525.0
1496.75,4528.0
1487.5,4530.0
1483.0,4532.5
1486.75,4535.0
1485.5,4537.0
1479.25,4540.0
1480.0,4542.0
1484.75,4544.5
1492.0,4547.0
1491.25,4549.0
1490.25,4552.0
1483.0,4554.0
1477.75,4556.5
1479.75,4559.0
1482.25,4561.0
1479.25,4564.0
1476.75,4567.0
1479.0,4570.0
1493.75,4572.0
1500.75,4574.25
1496.25,4577.0
1495.25,4579.0
1490.5,4582.0
1485.5,4584.0
1488.25,4586.5
1490.5,4589.0
1488.0,4591.0
1482.25,4594.0
1475.25,4596.0
1476.75,4598.5
1487.25,4601.0
1494.75,4603.0
1494.75,4606.0
1493.0,4609.0
1489.5,4611.5
1486.75,4614.0
1481.5,4616.0
1480.0,4619.0
1479.25,4621.0
1492.5,4623.5
1506.25,4626.0
1498.25,4628.0
1485.5,4631.0
1474.75,4633.0
1470.75,4635.75
1478.0,4638.0
1485.25,4640.25
1485.25,4643.0
1483.25,4645.0
1484.5,4648.0
1488.0,4651.0
1487.25,4653.25
1485.25,4656.0
1490.5,4658.0
1496.0,4661.0
1494.25,4663.0
1493.0,4665.5
1486.25,4668.0
1481.75,4670.0
1481.25,4673.0
1482.0,4675.0
1485.25,4677.5
1482.5,4680.0
1480.75,4682.0
1483.0,4685.0
1489.5,4687.0
1495.0,4689.5
1493.5,4692.0
1485.5,4695.0
1479.75,4698.0
1479.75,4700.0
1479.25,4702.5
1482.25,4705.0
1485.25,4707.0
1487.25,4710.0
1483.75,4712.0
1483.5,4714.75
1487.5,4717.0
1490.5,4719.25
1487.75,4722.0
1491.0,4724.0
1493.0,4727.0
1489.0,4729.0
1489.75,4731.25
1492.0,4734.0
1489.25,4737.0
1484.0,4740.0
1479.25,4742.0
1481.0,4744.5
1485.0,4747.0
1484.0,4749.0
1482.5,4752.0
1483.75,4754.0
1484.5,4756.5
1486.0,4759.0
1483.5,4761.0
1482.5,4764.0
1487.5,4766.0
1491.75,4768.5
1489.0,4771.0
1487.25,4773.0
1492.0,4776.0
1494.5,4779.0
1488.75,4781.75
1480.75,4784.0
1487.0,4786.25
1492.5,4789.0
1489.75,4791.0
1487.25,4794.0
1488.5,4796.0
1486.25,4798.25
1483.25,4801.0
1483.0,4803.0
1484.0,4806.0
1483.25,4808.0
1482.5,4810.5
1484.25,4813.0
1486.75,4815.0
1491.0,4818.0
1493.75,4820.0
1494.5,4823.5
1490.25,4826.0
1489.0,4828.0
1488.75,4831.0
1489.0,4833.0
1488.5,4835.5
1485.0,4838.0
1488.25,4840.0
1493.25,4843.0
1498.0,4845.0
1498.25,4847.5
1495.75,4850.0
1489.5,4852.0
1495.25,4855.0
1501.75,4857.0
1492.5,4859.75
1487.25,4862.0
1485.25,4865.0
1487.5,4868.0
1493.75,4870.0
1489.0,4872.75
1483.75,4875.0
1482.75,4877.25
1484.75,4880.0
1490.5,4882.0
1493.5,4885.0
1488.25,4887.0
1484.25,4889.25
1480.25,4892.0
1479.5,4894.0
1485.25,4897.0
1493.25,4899.0
1494.75,4901.5
1500.75,4904.0
1497.25,4907.0
1493.0,4910.0
1490.5,4912.0
1489.75,4914.5
1491.25,4917.0
1491.5,4919.0
1487.75,4922.0
1488.75,4924.0
1492.25,4926.5
1500.5,4929.0
1503.5,4931.0
1496.25,4934.0
1494.0,4936.0
1496.25,4938.75
1497.75,4941.0
1496.0,4943.0
1494.75,4946.0
1492.0,4948.0
1493.75,4951.75
1497.5,4954.0
1495.25,4956.25
1493.0,4959.0
1489.25,4961.0
1486.5,4964.0
1494.25,4966.0
1494.25,4968.5
1484.75,4971.0
1483.75,4973.0
1489.0,4976.0
1490.0,4978.0
1490.75,4980.5
1499.5,4983.0
1503.0,4985.0
1496.25,4988.0
1495.75,4990.0
1499.0,4993.5
1502.25,4996.0
1500.5,4998.0
1497.75,5001.0
1493.75,5003.0
1489.75,5005.5
1491.5,5008.0
1490.0,5010.0
1493.5,5013.0
1496.0,5015.0
1492.0,5017.75
1489.0,5020.0
1484.5,5022.25
1483.0,5025.0
1490.25,5027.0
1496.25,5029.75
1494.25,5032.0
1493.25,5035.5
1492.0,5038.0
1487.0,5040.0
1487.5,5043.0
1490.5,5045.0
1495.5,5047.5
1496.5,5050.0
1494.25,5052.0
1493.25,5055.0
1495.75,5057.0
1498.25,5059.5
1496.25,5062.0
1492.25,5064.0
1490.5,5067.0
1492.0,5069.0
1496.25,5071.5
1495.75,5074.0
1496.5,5076.0
1499.0,5080.0
1498.75,5082.0
1497.75,5084.75
1492.25,5087.0
1488.25,5089.25
1490.25,5092.0
1492.25,5094.0
1491.25,5097.0
1494.25,5099.0
1496.75,5101.5
1495.0,5104.0
1496.0,5106.0
1493.25,5109.0
1491.5,5111.0
1497.75,5113.5
1504.75,5116.0
1503.25,5118.0
1495.25,5122.0
1489.5,5124.0
1489.0,5126.5
1492.0,5129.0
1492.0,5131.0
1495.5,5134.0
1493.5,5136.0
1493.25,5138.5
1494.25,5141.0
1497.5,5143.0
1504.75,5146.0
1500.25,5148.0
1492.75,5150.75
1494.5,5153.0
1498.75,5155.0
1500.75,5158.0
1498.25,5160.0
1495.75,5163.75
1492.5,5166.0
1491.25,5168.25
1494.0,5171.0
1497.5,5173.0
1502.25,5175.75
1502.5,5178.0
1497.5,5180.5
1500.5,5183.0
1500.75,5185.0
1495.75,5188.0
1490.5,5190.0
1486.25,5192.5
1488.5,5195.0
1491.25,5197.0
1494.0,5200.0
1497.5,5202.0
1494.25,5205.0
1488.0,5208.0
1486.75,5210.0
1491.0,5213.0
1495.5,5215.0
1497.5,5217.5
1502.0,5220.0
1503.75,5222.0
1497.25,5225.0
1493.5,5227.0
1491.25,5229.75
1493.5,5232.0
1497.5,5234.0
1500.5,5237.0
1498.5,5239.0
1494.5,5241.75
1494.5,5244.0
1492.25,5246.0
1495.25,5250.0
1500.0,5252.0
1499.0,5254.75
1493.75,5257.0
1494.0,5259.25
1496.0,5262.0
1494.5,5264.0
1493.25,5267.0
1496.25,5269.0
1498.75,5271.5
1495.25,5274.0
1497.0,5276.0
1500.0,5279.0
1497.0,5281.0
1492.0,5283.5
1488.25,5286.0
1493.75,5288.0
1504.0,5292.0
1503.75,5294.0
1498.0,5296.5
1495.0,5299.0
1493.0,5301.0
1494.0,5304.0
1499.75,5306.0
1500.75,5308.75
1498.75,5311.0
1493.75,5313.0
1488.75,5316.0
1486.0,5318.0
1488.75,5320.75
1496.75,5323.0
1503.75,5325.0
1500.25,5328.0
1498.25,5330.0
1494.75,5333.5
1492.25,5336.0
1492.0,5338.0
1490.75,5341.0
1489.25,5343.0
1489.75,5345.75
1491.25,5348.0
1494.25,5350.5
1493.25,5353.0
1493.5,5355.0
1494.25,5358.0
1493.0,5360.0
1493.75,5362.5
1497.25,5365.0
1497.75,5367.0
1495.5,5370.0
1494.75,5372.0
1500.75,5375.0
1501.0,5378.0
1496.75,5380.0
1495.0,5383.0
1499.75,5385.0
1507.75,5387.75
1510.75,5390.0
1508.75,5392.0
1500.5,5395.0
1498.25,5397.0
1501.75,5399.75
1506.0,5402.0
1504.0,5404.0
1504.0,5407.0
1505.25,5409.0
1501.25,5411.75
1496.25,5414.0
1494.5,5416.25
1501.5,5420.0
1504.5,5422.0
1497.5,5425.0
1496.75,5427.0
1499.5,5429.5
1501.5,5432.0
1502.25,5434.0
1496.25,5437.0
1490.5,5439.0
1490.0,5441.5
1493.25,5444.0
1499.25,5446.0
1499.75,5449.0
1495.75,5451.0
1494.25,5453.5
1491.75,5456.0
1492.0,5458.0
1493.75,5462.0
1490.25,5464.0
1491.5,5466.5
1495.25,5469.0
1495.25,5471.0
1497.25,5474.0
1496.25,5476.0
1493.75,5478.75
1485.5,5481.0
1481.5,5483.0
1483.0,5486.0
1482.75,5488.0
1486.75,5490.75
1492.25,5493.0
1496.5,5495.0
1498.5,5498.0
1497.0,5500.0
1495.75,5504.0
1491.75,5506.0
1488.25,5508.25
1485.75,5511.0
1487.0,5513.0
1488.0,5516.0
1488.5,5518.0
1490.25,5520.5
1489.5,5523.0
1488.0,5525.0
1489.25,5528.0
1491.75,5530.0
1491.0,5532.5
1488.25,5535.0
1486.5,5537.0
1485.5,5540.0
1485.75,5542.0
1489.75,5544.5
1490.75,5548.0
1486.25,5550.0
1484.0,5553.0
1485.75,5555.0
1492.0,5557.75
1496.0,5560.0
1493.25,5562.0
1485.25,5565.0
1484.0,5567.0
1483.25,5569.75
1481.25,5572.0
1481.75,5574.25
1485.25,5577.0
1490.5,5579.0
1492.0,5582.0
1485.25,5584.0
1479.5,5586.5
1482.25,5590.0
1487.0,5592.0
1491.0,5595.0
1489.5,5597.0
1489.5,5599.5
1488.0,5602.0
1483.75,5604.0
1486.25,5607.0
1489.5,5609.0
1487.0,5611.5
1485.5,5614.0
1485.75,5616.0
1485.75,5619.0
1484.0,5621.0
1485.25,5623.75
1488.25,5626.0
1493.75,5628.0
1494.75,5632.0
1489.25,5634.0
1484.0,5636.75
1477.5,5639.0
1476.25,5641.0
1476.5,5644.0
1478.0,5646.0
1482.5,5649.0
1485.5,5651.0
1486.75,5653.0
1485.25,5656.0
1487.5,5658.0
1488.5,5661.0
1487.0,5663.0
1492.0,5665.5
1494.0,5668.0
1489.0,5670.0
1484.75,5673.0
1484.75,5676.0
1486.25,5678.5
1487.75,5681.0
1486.5,5683.0
1483.25,5686.0
1483.25,5688.0
1483.75,5690.5
1484.5,5693.0
1487.25,5695.0
1488.75,5698.0
1484.25,5700.0
1485.0,5702.5
1487.25,5705.0
1484.5,5707.0
1480.25,5710.0
1481.0,5712.0
1483.0,5714.75
1482.75,5718.0
1482.0,5720.0
1481.75,5723.0
1477.25,5725.0
1480.25,5728.0
1486.25,5730.0
1485.0,5732.0
1485.25,5735.0
1489.25,5737.0
1486.5,5740.0
1483.0,5742.0
1485.75,5744.5
1486.25,5747.0
1486.0,5749.0
1483.0,5752.0
1486.0,5754.0
1491.25,5756.5
1488.75,5760.0
1488.5,5762.0
1491.0,5765.0
1485.25,5767.0
1479.25,5769.5
1478.25,5772.0
1482.5,5774.0
1486.25,5777.0
1484.5,5779.0
1481.75,5781.5
1480.0,5784.0
1480.75,5786.0
1484.0,5789.0
1485.25,5791.0
1484.5,5793.75
1481.75,5796.0
1482.0,5798.0
1482.5,5801.0
1485.75,5804.0
1486.25,5807.0
1480.5,5809.0
1478.25,5811.0
1483.5,5814.0
1489.75,5816.0
1488.5,5819.0
1492.5,5821.0
1493.5,5823.5
1490.25,5826.0
1488.75,5828.0
1488.25,5831.0
1485.75,5833.0
1485.75,5835.5
1486.25,5838.0
1487.75,5840.0
1486.5,5843.0
1481.25,5846.0
1477.0,5848.5
1478.0,5851.0
1479.75,5853.0
1478.75,5856.0
1478.25,5858.0
1480.25,5860.5
1480.0,5863.0
1479.25,5865.0
1480.0,5868.0
1482.0,5870.0
1485.0,5872.75
1484.75,5875.0
1481.75,5877.0
1481.25,5880.0
1482.0,5882.0
1481.0,5885.0
1487.75,5888.0
1497.25,5890.0
1495.0,5893.0
1491.5,5895.0
1485.0,5898.0
1477.5,5900.0
1478.25,5902.5
1485.5,5905.0
1493.75,5907.0
1493.25,5910.0
1490.0,5912.0
1490.25,5914.5
1489.5,5917.0
1488.0,5919.0
1489.25,5922.0
1485.5,5924.0
1473.25,5926.5
1468.5,5929.0
1473.5,5932.0
1483.25,5935.0
1490.5,5937.0
1489.0,5939.5
1486.25,5942.0
1483.75,5944.0
1483.75,5947.0
1485.25,5949.0
1487.25,5951.75
1487.5,5954.0
1486.0,5956.0
1485.25,5959.0
1485.25,5961.0
1488.25,5964.0
1490.25,5966.0
1492.25,5968.0
1493.25,5971.0
1485.75,5974.0
1481.25,5977.0
1483.25,5979.0
1485.0,5981.5
1486.25,5984.0
1490.75,5986.0
1491.5,5989.0
1489.5,5991.0
1488.75,5993.5
1489.0,5996.0
1491.5,5998.0
1492.25,6001.0
1489.0,6003.0
1484.5,6005.75
1483.25,6008.0
1482.75,6010.0
1483.0,6013.0
1479.0,6016.0
1479.25,6018.75
1485.25,6021.0
1490.0,6023.0
1489.25,6026.0
1486.75,6028.0
1488.75,6030.75
1489.25,6033.0
1488.75,6035.0
1486.0,6038.0
1488.0,6040.0
1497.25,6043.0
1494.5,6045.0
1495.25,6047.5
1500.5,6050.0
1498.25,6052.0
1491.5,6055.0
1485.5,6057.0
1484.5,6060.5
1487.0,6063.0
1484.75,6065.0
1478.5,6068.0
1103.5,4552.5
1109.5,4554.25
1114.75,4556.25
1115.25,4557.75
1116.75,4560.0
1113.75,4561.5
1111.5,4563.5
1112.75,4565.25
1113.5,4566.75
1114.25,4569.0
1113.0,4570.5
1109.75,4572.5
1107.25,4574.25
1108.5,4576.5
1114.5,4578.75
1117.25,4580.25
1116.25,4582.25
1117.75,4584.0
1122.0,4585.5
1122.75,4587.75
1122.25,4589.25
1125.0,4591.5
1121.5,4593.0
1116.75,4594.75
1114.0,4596.75
1110.0,4598.25
1106.0,4600.5
1107.25,4602.0
1110.75,4603.75
1113.5,4605.75
1116.75,4608.0
1119.5,4610.25
1120.75,4611.75
1114.75,4613.75
1114.25,4615.5
1115.25,4617.0
1112.25,4619.25
1109.75,4620.75
1107.0,4622.75
1114.25,4624.5
1119.5,4626.0
1116.75,4628.25
1116.75,4629.75
1116.5,4631.75
1114.5,4633.5
1116.0,4635.0
1117.75,4637.25
1119.75,4638.75
1120.5,4641.75
1117.25,4643.25
1115.25,4645.0
1112.0,4647.0
1109.0,4648.5
1111.25,4650.75
1112.25,4652.25
1111.0,4654.0
1110.5,4656.0
1114.0,4657.5
1114.75,4659.75
1118.75,4661.25
1117.5,4663.0
1114.25,4665.0
1110.75,4666.5
1112.0,4668.75
1117.5,4670.25
1116.5,4673.0
1110.5,4674.75
1107.5,4676.25
1110.75,4678.5
1116.5,4680.0
1121.0,4682.0
1120.5,4683.75
1123.0,4685.25
1123.5,4687.5
1118.75,4689.0
1113.0,4691.25
1108.0,4692.75
1109.0,4694.5
1112.5,4696.5
1114.5,4698.0
1118.25,4700.25
1117.75,4701.75
1111.75,4704.25
1106.25,4706.25
1108.25,4707.75
1110.5,4710.0
1111.5,4711.5
1114.75,4713.5
1120.0,4715.25
1124.75,4716.75
1123.5,4719.0
1120.25,4720.5
1116.5,4722.5
1116.0,4724.25
1117.75,4725.75
1117.0,4728.0
1113.5,4729.5
1113.25,4731.5
1116.25,4733.25
1120.0,4734.75
1120.25,4737.75
1117.75,4739.25
1116.0,4741.5
1119.0,4743.0
1120.75,4744.75
1118.0,4746.75
1117.0,4748.25
1118.25,4750.5
1118.0,4752.0
1117.25,4753.75
1114.5,4755.75
1111.75,4757.25
1109.5,4759.5
1110.25,4761.0
1111.5,4763.0
1113.0,4764.75
1115.0,4766.25
1118.0,4769.25
1120.25,4770.75
1121.75,4772.75
1121.75,4774.5
1120.25,4776.0
1116.5,4778.25
1115.0,4779.75
1116.5,4781.75
1120.5,4783.5
1119.25,4785.0
1116.25,4787.25
1117.25,4788.75
1117.25,4791.0
1114.5,4792.5
1113.0,4794.25
1113.75,4796.25
1113.75,4797.75
1114.75,4800.75
1114.25,4802.25
1112.5,4804.0
1111.0,4806.0
1109.0,4807.5
1108.25,4809.75
1113.0,4811.25
1121.5,4813.0
1123.0,4815.0
1116.25,4816.5
1115.5,4818.75
1113.25,4820.25
1114.5,4822.25
1117.25,4824.0
1123.0,4825.5
1124.0,4827.75
1124.5,4829.25
1124.75,4831.75
1120.75,4833.75
1119.25,4835.25
1118.0,4837.5
1118.75,4839.0
1122.0,4841.0
1123.75,4842.75
1126.25,4844.25
1126.75,4846.5
1128.0,4848.0
1129.0,4850.0
1127.75,4851.75
1123.25,4853.25
1120.25,4855.5
1124.0,4857.0
1126.0,4859.0
1118.0,4860.75
1112.75,4862.25
1115.0,4865.25
1119.5,4866.75
1124.75,4869.0
1126.0,4870.5
1127.0,4872.25
1129.25,4874.25
1131.75,4875.75
1129.75,4878.0
1125.75,4879.5
1127.75,4881.25
1131.5,4883.25
1128.0,4884.75
1120.25,4887.0
1122.25,4888.5
1131.5,4890.5
1135.25,4892.25
1130.75,4893.75
1127.0,4896.75
1122.5,4898.25
1121.0,4900.25
1123.75,4902.0
1127.0,4903.5
1129.75,4905.75
1129.25,4907.25
1131.0,4909.25
1134.0,4911.0
1129.25,4912.5
1125.75,4914.75
1130.5,4916.25
1130.5,4918.25
1123.75,4920.0
1120.5,4921.5
1122.25,4923.75
1122.5,4925.25
1120.5,4928.25
1121.25,4929.75
1127.25,4931.5
1132.75,4933.5
1134.0,4935.0
1135.5,4937.25
1135.25,4938.75
1133.0,4940.5
1130.75,4942.5
1128.0,4944.0
1126.75,4946.25
1126.75,4947.75
1124.0,4949.75
1123.5,4951.5
1124.25,4953.0
1129.75,4955.25
1132.0,4956.75
1130.0,4958.75
1127.5,4961.25
1127.25,4962.75
1123.25,4965.0
1122.25,4966.5
1123.5,4968.5
1122.75,4970.25
1127.5,4971.75
1130.75,4974.0
1129.25,4975.5
1128.5,4977.5
1130.0,4979.25
1131.75,4980.75
1130.0,4983.0
1130.5,4984.5
1128.0,4986.75
1123.0,4988.25
1121.5,4989.75
1123.0,4992.75
1122.5,4994.25
1121.5,4996.5
1124.75,4998.0
1131.75,4999.75
1134.75,5001.75
1129.5,5003.25
1124.75,5005.5
1126.75,5007.0
753.75,3339.25
755.5,3340.5
747.75,3341.5
737.75,3343.0
741.25,3344.0
751.75,3345.5
746.25,3346.5
740.5,3347.5
745.75,3349.5
750.25,3350.5
751.25,3352.0
751.0,3353.0
746.0,3354.0
744.25,3355.5
748.25,3356.5
751.25,3358.0
749.5,3359.0
749.5,3360.0
750.0,3361.5
746.25,3362.5
747.0,3364.0
745.25,3365.0
745.5,3366.25
748.0,3367.5
747.75,3368.5
746.75,3370.0
748.5,3371.5
751.25,3372.75
755.25,3374.0
755.25,3375.0
754.75,3376.5
755.75,3377.5
755.5,3379.0
753.75,3380.0
749.75,3381.0
745.0,3382.5
738.75,3383.5
739.5,3385.0
744.25,3386.0
747.75,3387.0
749.75,3388.5
749.5,3389.5
748.5,3391.0
749.5,3392.5
748.75,3393.5
744.75,3395.0
743.25,3396.0
746.5,3397.5
749.75,3398.5
749.25,3399.5
742.0,3401.0
738.75,3402.0
742.0,3403.5
748.5,3404.5
751.0,3405.75
750.75,3407.0
753.75,3408.0
755.75,3409.5
749.75,3410.5
743.0,3411.75
741.0,3413.5
745.75,3414.5
751.5,3416.0
747.25,3417.0
742.25,3418.5
739.25,3419.5
743.25,3420.5
746.25,3422.0
745.25,3423.0
743.75,3424.5
748.75,3425.5
751.75,3426.5
749.25,3428.0
748.0,3429.0
750.25,3430.5
752.75,3431.5
750.25,3432.5
748.5,3434.0
749.25,3435.5
747.75,3437.0
744.0,3438.0
742.75,3439.0
741.5,3440.5
744.25,3441.5
747.25,3443.0
747.25,3444.0
745.75,3445.25
744.75,3446.5
747.75,3447.5
750.5,3449.0
752.5,3450.0
752.0,3451.25
743.75,3452.5
736.5,3453.5
736.75,3455.0
744.5,3456.5
747.75,3458.0
745.5,3459.0
743.5,3460.0
739.0,3461.5
736.5,3462.5
740.25,3464.0
743.5,3465.0
745.75,3466.0
746.25,3467.5
746.5,3468.5
745.75,3470.0
743.5,3471.0
742.0,3472.0
743.5,3473.5
744.75,3474.5
747.0,3476.0
748.75,3477.5
747.5,3478.5
747.75,3480.0
743.5,3481.0
738.75,3482.5
744.25,3483.5
752.25,3484.75
753.5,3486.0
750.75,3487.0
750.75,3488.5
751.0,3489.5
751.25,3491.0
749.25,3492.0
745.5,3493.0
743.0,3494.5
746.0,3495.5
750.0,3497.0
751.0,3498.0
756.0,3499.5
759.0,3501.0
758.0,3502.0
753.0,3503.5
744.25,3504.5
744.25,3505.5
749.0,3507.0
753.5,3508.0
756.5,3509.5
754.0,3510.5
749.0,3511.5
747.5,3513.0
748.5,3514.0
753.25,3515.5
756.0,3516.5
752.5,3517.75
747.25,3519.0
746.75,3520.5
751.25,3522.0
753.0,3523.0
748.5,3524.5
747.25,3525.5
751.25,3526.5
752.5,3528.0
751.5,3529.0
746.25,3530.5
744.5,3531.5
747.25,3532.5
748.5,3534.0
746.5,3535.0
748.5,3536.5
750.25,3537.5
749.25,3538.5
748.75,3540.0
748.5,3541.5
747.75,3543.0
751.0,3544.0
750.5,3545.0
754.75,3546.5
755.25,3547.5
751.0,3549.0
752.5,3550.0
753.0,3551.0
752.25,3552.5
751.0,3553.5
750.25,3555.0
747.75,3556.0
745.25,3557.25
748.0,3558.5
752.0,3559.5
754.0,3561.0
750.5,3562.0
749.5,3564.0
746.0,3565.0
744.5,3566.0
745.75,3567.5
747.25,3568.5
743.0,3570.0
740.25,3571.0
741.75,3572.0
745.75,3573.5
746.25,3574.5
744.5,3576.0
744.25,3577.0
748.25,3578.0
754.0,3579.5
753.0,3580.5
748.0,3582.0
744.0,3583.0
744.5,3584.5
744.25,3586.0
741.75,3587.0
741.5,3588.5
739.25,3589.5
739.25,3590.75
742.5,3592.0
748.5,3593.0
750.5,3594.5
747.75,3595.5
745.5,3597.0
745.5,3598.0
748.75,3599.0
749.75,3600.5
749.25,3601.5
748.0,3603.0
747.25,3604.0
746.0,3605.5
743.0,3607.0
740.75,3608.0
741.75,3609.5
746.5,3610.5
749.0,3611.5
750.0,3613.0
752.0,3614.0
748.75,3615.5
744.25,3616.5
744.25,3617.5
744.5,3619.0
744.75,3620.0
742.5,3621.5
743.25,3622.5
751.0,3623.5
755.75,3625.0
750.75,3626.0
752.0,3628.0
752.75,3629.0
748.25,3630.5
746.0,3631.5
744.5,3632.5
746.0,3634.0
746.75,3635.0
747.25,3636.5
748.0,3637.5
751.75,3638.5
749.25,3640.0
746.0,3641.0
744.75,3642.5
743.75,3643.5
746.0,3644.5
748.0,3646.0
749.25,3647.0
749.25,3649.0
748.5,3650.0
746.75,3651.0
743.75,3652.5
746.25,3653.5
751.5,3655.0
753.0,3656.0
748.25,3657.0
745.5,3658.5
747.0,3659.5
745.25,3661.0
740.75,3662.0
742.75,3663.25
745.5,3664.5
746.0,3665.5
747.75,3667.0
745.25,3668.0
743.0,3670.0
745.0,3671.0
749.75,3672.0
747.75,3673.5
743.0,3674.5
740.75,3676.0
739.0,3677.0
745.5,3678.0
753.25,3679.5
748.0,3680.5
742.25,3682.0
741.75,3683.0
740.75,3684.0
740.75,3685.5
744.0,3686.5
746.75,3688.0
744.5,3689.0
741.75,3690.0
741.75,3692.0
744.5,3693.0
742.5,3694.5
739.25,3695.5
741.25,3696.5
744.0,3698.0
742.75,3699.0
745.0,3700.5
746.0,3701.5
745.25,3703.0
742.0,3704.0
742.5,3705.0
746.5,3706.5
752.0,3707.5
750.75,3709.0
747.0,3710.0
743.0,3711.0
741.0,3713.0
742.75,3714.0
747.5,3715.5
747.5,3716.5
746.0,3717.5
744.5,3719.0
743.5,3720.0
744.0,3721.5
747.5,3722.5
751.25,3723.5
753.5,3725.0
753.0,3726.0
751.75,3727.5
748.5,3728.5
745.5,3729.5
741.5,3731.0
742.5,3732.0
748.25,3734.0
751.25,3735.0
748.25,3736.5
747.5,3737.5
746.25,3738.5
742.5,3740.0
743.0,3741.0
744.75,3742.5
750.0,3743.5
751.0,3744.5
748.75,3746.0
747.0,3747.0
745.5,3748.5
744.25,3749.5
746.0,3750.5
751.0,3752.0
751.25,3753.0
746.25,3755.0
745.0,3756.0
747.0,3757.0
748.75,3758.5
750.0,3759.5
750.5,3761.0
747.5,3762.0
747.75,3763.0
747.75,3764.5
745.0,3765.5
741.75,3767.0
740.75,3768.0
743.25,3769.5
745.5,3770.5
747.75,3771.5
750.0,3773.0
749.0,3774.0
748.5,3776.0
757.25,3777.0
758.75,3778.0
752.0,3779.5
748.25,3780.5
744.75,3782.0
743.75,3783.0
745.0,3784.0
743.0,3785.5
742.75,3786.5
744.0,3788.0
740.0,3789.0
737.75,3790.0
736.5,3791.5
738.5,3792.5
746.5,3794.0
753.0,3795.0
753.25,3796.0
749.75,3798.0
746.5,3799.0
745.0,3800.5
746.5,3801.5
749.0,3803.0
750.5,3804.0
749.5,3805.0
749.0,3806.5
753.5,3807.5
752.75,3809.0
747.25,3810.0
748.5,3811.0
749.75,3812.5
748.5,3813.5
745.75,3815.0
742.75,3816.0
742.0,3817.0
743.0,3819.0
743.0,3820.0
743.5,3821.5
745.25,3822.5
748.75,3823.5
750.25,3825.0
749.5,3826.0
753.75,3827.5
756.0,3828.5
753.25,3829.5
749.25,3831.0
747.0,3832.0
744.5,3833.5
742.25,3834.5
740.25,3836.0
741.0,3837.0
743.75,3838.0
747.5,3840.0
747.25,3841.0
745.0,3842.5
743.25,3843.5
743.5,3844.5
744.5,3846.0
745.75,3847.0
748.75,3848.5
751.0,3849.5
745.5,3850.5
742.5,3852.0
746.75,3853.0
752.25,3854.5
751.0,3855.5
749.75,3856.5
749.5,3858.0
746.75,3859.0
745.25,3860.5
746.5,3862.0
747.5,3863.0
747.75,3864.5
749.0,3865.5
750.0,3867.0
749.0,3868.0
745.0,3869.0
741.5,3870.5
742.25,3871.5
743.0,3873.0
742.75,3874.0
743.75,3875.5
747.5,3876.5
747.5,3877.5
744.0,3879.0
744.0,3880.0
744.0,3881.5
741.75,3883.0
742.25,3884.0
746.25,3885.5
746.75,3886.5
747.0,3888.0
747.5,3889.0
747.5,3890.0
748.0,3891.5
750.25,3892.5
750.5,3894.0
747.75,3895.0
744.75,3896.0
744.25,3897.5
744.0,3898.5
743.75,3900.0
743.0,3901.0
743.75,3902.0
744.75,3904.0
746.5,3905.0
748.25,3906.5
746.75,3907.5
744.25,3908.5
743.25,3910.0
743.5,3911.0
743.75,3912.5
744.75,3913.5
744.75,3915.0
745.75,3916.0
748.25,3917.0
750.25,3918.5
750.5,3919.5
747.0,3921.0
745.5,3922.0
746.5,3923.0
746.5,3924.5
746.0,3926.0
746.75,3927.5
747.75,3928.5
748.0,3929.5
749.75,3931.0
750.25,3932.0
750.0,3933.5
750.0,3934.5
748.0,3935.5
747.25,3937.0
749.0,3938.0
748.25,3939.5
747.5,3940.5
749.75,3941.5
748.25,3943.0
747.25,3944.0
747.25,3945.5
747.0,3947.0
747.0,3948.25
748.5,3949.5
750.0,3950.5
750.5,3952.0
750.5,3953.0
750.0,3954.5
750.25,3955.5
754.75,3956.5
757.25,3958.0
755.5,3959.0
755.0,3960.5
750.75,3961.5
748.5,3962.5
749.0,3964.0
750.0,3965.0
750.0,3966.5
750.25,3968.0
750.5,3969.0
752.75,3970.5
753.0,3971.5
750.75,3973.0
748.25,3974.0
748.0,3975.0
749.75,3976.5
753.0,3977.5
751.75,3979.0
750.0,3980.0
749.75,3981.25
748.0,3982.5
744.5,3983.5
741.0,3985.0
743.0,3986.0
746.25,3987.5
749.25,3988.5
749.5,3990.0
749.0,3991.5
750.75,3992.5
752.75,3994.0
752.25,3995.0
752.25,3996.0
750.0,3997.5
748.75,3998.5
750.25,4000.0
753.5,4001.0
752.75,4002.0
749.5,4003.5
747.5,4004.5
746.25,4006.0
745.25,4007.0
745.5,4008.0
745.25,4009.5
746.25,4011.0
746.0,4012.5
745.5,4013.5
745.25,4014.5
745.25,4016.0
746.75,4017.0
747.0,4018.5
746.25,4019.5
746.25,4020.75
746.0,4022.0
746.0,4023.0
746.5,4024.5
747.0,4025.5
746.25,4027.0
747.0,4028.0
751.5,4029.0
751.0,4030.5
749.0,4032.0
748.0,4033.5
747.25,4034.5
748.5,4035.5
750.0,4037.0
750.25,4038.0
751.75,4039.5
752.25,4040.5
749.0,4041.5
746.75,4043.0
747.0,4044.0
748.0,4045.5
746.25,4046.5
744.5,4047.5
744.0,4049.0
744.75,4050.0
746.0,4051.5
747.75,4052.5
751.5,4054.0
754.0,4055.5
753.0,4056.5
747.75,4058.0
746.0,4059.0
745.75,4060.0
743.5,4061.5
745.0,4062.5
747.75,4064.0
745.25,4065.0
745.0,4066.25
744.0,4067.5
742.0,4068.5
743.5,4070.0
747.0,4071.0
749.5,4072.5
749.25,4073.5
748.5,4075.0
749.25,4076.5
750.75,4077.5
751.25,4079.0
748.25,4080.0
747.25,4081.0
747.25,4082.5
744.75,4083.5
741.5,4085.0
741.0,4086.0
741.5,4087.0
742.5,4088.5
743.5,4089.5
745.25,4091.0
746.75,4092.0
746.25,4093.0
745.5,4094.5
746.5,4096.0
749.75,4097.5
752.75,4098.5
749.75,4099.5
746.5,4101.0
746.5,4102.0
748.0,4103.5
747.25,4104.5
745.25,4105.5
743.25,4107.0
741.75,4108.0
742.5,4109.5
745.25,4110.5
745.75,4112.0
744.25,4113.0
742.75,4114.0
743.5,4115.5
749.25,4116.5
756.0,4118.5
751.0,4119.5
743.75,4120.5
743.25,4122.0
744.75,4123.0
746.5,4124.5
747.25,4125.5
747.0,4126.5
744.5,4128.0
743.25,4129.0
744.0,4130.5
746.25,4131.5
747.5,4132.5
746.5,4134.0
743.5,4135.0
742.5,4136.5
744.75,4137.5
747.5,4139.0
748.75,4140.5
745.5,4141.5
743.25,4143.0
743.25,4144.0
744.25,4145.0
745.5,4146.5
746.5,4147.5
747.0,4149.0
746.0,4150.0
744.75,4151.5
745.25,4152.5
745.0,4153.5
742.5,4155.0
743.75,4156.0
745.75,4157.5
743.5,4158.5
739.5,4160.0
740.25,4161.5
745.25,4162.5
749.5,4164.0
749.25,4165.0
747.75,4166.0
746.5,4167.5
746.25,4168.5
745.5,4170.0
745.0,4171.0
745.25,4172.0
749.5,4173.5
753.0,4174.5
749.0,4176.0
745.0,4177.0
744.0,4178.0
743.5,4179.5
743.0,4180.5
743.25,4182.5
744.0,4183.5
745.25,4184.5
745.5,4186.0
745.25,4187.0
744.75,4188.5
744.5,4189.5
744.0,4191.0
743.75,4192.0
744.0,4193.0
743.5,4194.5
743.5,4195.5
743.0,4197.0
743.0,4198.0
743.0,4199.0
743.0,4200.5
742.0,4201.5
741.75,4203.5
742.25,4204.5
742.5,4205.5
742.75,4207.0
742.75,4208.0
743.25,4209.5
744.0,4210.5
743.75,4211.5
743.5,4213.0
743.5,4214.0
744.5,4215.5
745.25,4216.5
744.0,4217.5
742.25,4219.0
742.25,4220.0
742.75,4221.5
743.0,4222.5
743.75,4224.0
745.0,4225.5
746.0,4226.5
746.5,4228.0
745.5,4229.0
744.0,4230.0
743.75,4231.5
743.5,4232.5
743.25,4234.0
744.0,4235.0
744.25,4236.5
744.25,4237.5
744.25,4238.5
743.25,4240.0
742.25,4241.0
742.75,4242.5
742.75,4243.5
743.5,4244.5
743.25,4246.5
743.25,4247.5
743.75,4249.0
744.5,4250.0
744.25,4251.0
744.25,4252.5
744.25,4253.5
744.0,4255.0
744.0,4256.0
743.25,4257.0
742.5,4258.5
741.75,4259.5
742.25,4261.0
743.5,4262.0
744.25,4263.0
745.25,4264.5
746.0,4265.5
746.75,4267.5
747.0,4268.5
746.5,4269.5
746.0,4271.0
745.75,4272.0
745.5,4273.5
745.5,4274.5
745.5,4276.0
745.0,4277.0
744.75,4278.0
744.75,4279.5
745.0,4280.5
745.25,4282.0
746.0,4283.0
746.0,4284.0
745.75,4285.5
746.0,4286.5
746.0,4288.5
745.5,4289.5
745.5,4290.5
745.75,4292.0
746.0,4293.0
745.5,4294.5
745.5,4295.5
745.5,4296.5
746.0,4298.0
746.0,4299.0
746.0,4300.5
745.5,4301.5
746.0,4302.75
746.0,4304.0
746.0,4305.0
745.75,4306.5
746.0,4307.5
746.0,4309.0
746.75,4310.5
747.0,4311.5
746.5,4313.0
746.0,4314.0
745.75,4315.5
746.0,4316.5
746.5,4317.5
746.25,4319.0
745.75,4320.0
745.25,4321.5
745.75,4322.5
745.75,4323.5
746.0,4325.0
746.0,4326.0
746.5,4327.5
746.75,4328.5
746.25,4329.5
745.5,4331.5
746.0,4332.5
746.25,4334.0
746.75,4335.0
746.75,4336.0
747.25,4337.5
747.25,4338.5
747.25,4340.0
746.5,4341.0
745.75,4342.25
745.75,4343.5
745.5,4344.5
746.0,4346.0
746.5,4347.0
746.5,4348.25
746.25,4349.5
746.0,4350.5
746.5,4352.5
746.5,4353.5
746.25,4355.0
745.75,4356.0
745.25,4357.0
746.0,4358.5
746.25,4359.5
745.75,4361.0
745.5,4362.0
745.75,4363.0
745.5,4364.5
745.75,4365.5
746.25,4367.0
746.5,4368.0
746.75,4369.0
747.0,4370.5
746.5,4371.5
746.5,4373.5
746.25,4374.5
745.75,4375.75
745.5,4377.0
745.25,4378.0
745.5,4379.5
745.75,4380.5
746.0,4381.75
746.0,4383.0
745.75,4384.0
744.75,4385.5
744.25,4386.5
744.5,4388.0
744.75,4389.0
745.5,4390.0
746.0,4391.5
746.0,4392.5
745.0,4394.0
744.5,4395.5
744.25,4396.5
745.0,4398.0
746.5,4399.0
747.25,4400.5
746.0,4401.5
744.25,4402.5
744.25,4404.0
744.75,4405.0
745.0,4406.5
745.5,4407.5
745.5,4408.75
745.5,4410.0
745.5,4411.0
745.0,4412.5
745.25,4413.5
745.25,4414.75
745.25,4416.5
745.0,4417.5
745.0,4419.0
745.0,4420.0
744.75,4421.5
744.75,4422.5
744.75,4423.5
744.75,4425.0
744.75,4426.0
744.5,4427.5
744.5,4428.5
744.75,4429.5
744.75,4431.0
745.25,4432.0
745.0,4433.5
744.25,4434.5
743.75,4435.5
743.75,4437.5
744.5,4438.5
745.0,4440.0
745.0,4441.0
745.75,4442.0
745.5,4443.5
744.5,4444.5
744.25,4446.0
744.25,4447.0
744.25,4448.25
744.75,4449.5
744.5,4450.5
744.5,4452.0
744.0,4453.0
744.0,4454.5
744.0,4455.5
743.75,4456.5
743.75,4458.0
743.75,4459.5
744.0,4461.0
744.25,4462.0
744.25,4463.0
744.5,4464.5
744.5,4465.5
745.0,4467.0
745.0,4468.0
745.0,4469.0
744.5,4470.5
744.5,4471.5
744.5,4473.0
744.5,4474.0
744.5,4475.0
744.0,4476.5
744.0,4477.5
744.5,4479.0
744.75,4480.5
745.0,4481.5
745.0,4483.0
744.25,4484.0
744.0,4485.5
744.25,4486.5
744.5,4488.0
744.5,4489.0
744.75,4490.0
745.25,4491.5
745.25,4492.5
745.5,4494.0
745.0,4495.0
745.0,4496.0
744.5,4497.5
744.5,4498.5
744.5,4500.0
744.75,4501.5
744.75,4502.5
744.75,4504.0
744.25,4505.0
744.25,4506.5
744.25,4507.5
744.5,4508.5
745.0,4510.0
745.5,4511.0
745.5,4512.5
745.0,4513.5
745.0,4514.5
745.0,4516.0
745.0,4517.0
745.0,4518.5
745.25,4519.5
745.75,4520.5
745.75,4522.0
745.5,4523.5
745.5,4525.0
745.5,4526.0
745.25,4527.5
744.25,4528.5
743.75,4529.5
744.0,4531.0
744.25,4532.0
744.75,4533.5
744.75,4534.5
745.0,4535.5
745.25,4537.0
745.0,4538.0
745.25,4539.5
745.0,4540.5
745.0,4541.5
745.0,4543.0
745.0,4544.5
744.75,4546.0
745.0,4547.0
745.25,4548.0
745.5,4549.5
745.75,4550.5
746.25,4552.0
746.25,4553.0
746.0,4554.0
745.5,4555.5
745.5,4556.5
745.75,4558.0
746.5,4559.0
746.75,4560.0
746.5,4561.5
746.5,4562.5
746.25,4564.0
746.25,4565.5
746.25,4567.0
746.5,4568.0
746.75,4569.0
747.25,4570.5
746.75,4571.5
746.25,4573.0
746.0,4574.0
746.25,4575.0
746.5,4576.5
747.0,4577.5
747.0,4579.0
747.0,4580.0
746.5,4581.0
746.0,4582.5
746.5,4583.5
746.5,4585.0
747.0,4586.0
747.25,4587.5
747.5,4589.0
747.5,4590.0
747.25,4591.5
747.5,4592.5
747.5,4593.5
747.25,4595.0
747.0,4596.0
746.75,4597.5
746.75,4598.5
747.0,4599.75
747.0,4601.0
747.0,4602.0
747.0,4603.5
746.75,4604.5
746.25,4606.0
746.0,4607.0
746.25,4608.5
746.25,4610.0
746.25,4611.0
746.0,4612.5
746.25,4613.5
746.0,4614.5
746.0,4616.0
746.5,4617.0
746.75,4618.5
746.0,4619.5
745.75,4620.5
746.0,4622.0
746.25,4623.0
746.25,4624.5
745.75,4625.5
745.5,4626.5
746.0,4628.0
746.25,4629.5
746.0,4631.0
745.75,4632.0
746.0,4633.25
745.75,4634.5
745.5,4635.5
745.25,4637.0
745.75,4638.0
745.5,4639.5
745.25,4640.5
745.75,4641.5
745.75,4643.0
745.5,4644.0
745.5,4645.5
745.25,4646.5
745.75,4647.5
746.0,4649.0
746.0,4650.0
745.25,4652.0
745.0,4653.0
745.0,4654.0
744.75,4655.5
745.0,4656.5
745.5,4658.0
745.75,4659.0
745.75,4660.0
745.0,4661.5
744.75,4662.5
744.75,4664.0
744.5,4665.0
745.0,4666.0
745.0,4667.5
745.0,4668.5
745.5,4670.0
745.75,4671.0
746.25,4673.0
746.5,4674.0
746.25,4675.0
746.25,4676.5
746.0,4677.5
745.25,4679.0
745.0,4680.0
745.5,4681.0
745.5,4682.5
745.5,4683.5
745.25,4685.0
744.75,4686.0
744.5,4687.0
744.5,4688.5
744.75,4689.5
744.5,4691.0
744.5,4692.0
744.75,4693.5
744.75,4695.0
744.75,4696.0
744.75,4697.5
744.25,4698.5
743.75,4699.5
743.25,4701.0
743.5,4702.0
743.75,4703.5
744.25,4704.5
744.5,4706.0
744.5,4707.0
744.25,4708.0
744.25,4709.5
744.5,4710.5
744.75,4712.0
744.75,4713.0
744.75,4714.0
744.25,4716.0
743.75,4717.0
744.25,4718.5
744.5,4719.5
744.25,4720.5
744.5,4722.0
744.5,4723.0
744.5,4724.5
744.25,4725.5
744.5,4726.5
744.75,4728.0
745.0,4729.0
744.5,4730.5
743.75,4731.5
743.25,4732.5
743.75,4734.0
743.75,4735.0
744.0,4737.0
744.0,4738.0
744.0,4739.25
743.75,4740.5
743.5,4741.5
743.5,4743.0
743.5,4744.0
743.5,4745.5
743.5,4746.5
743.75,4747.5
743.75,4749.0
743.75,4750.0
744.5,4751.5
744.75,4752.5
743.75,4753.5
743.25,4755.0
743.5,4756.0
743.5,4758.0
743.5,4759.0
743.5,4760.0
743.75,4761.5
744.0,4762.5
744.0,4764.0
744.0,4765.0
744.75,4766.0
745.0,4767.5
744.75,4768.5
744.5,4770.0
744.5,4771.0
744.25,4772.25
744.5,4773.5
744.5,4774.5
744.5,4776.0
744.5,4777.0
744.75,4779.0
745.25,4780.0
745.25,4781.0
745.0,4782.5
744.75,4783.5
744.5,4785.0
744.5,4786.0
744.5,4787.0
744.75,4788.5
745.0,4789.5
745.0,4791.0
744.75,4792.0
744.75,4793.0
744.5,4794.5
744.5,4795.5
744.5,4797.0
744.5,4798.0
744.75,4799.0
744.75,4801.0
744.5,4802.0
744.75,4803.5
745.25,4804.5
745.5,4805.75
745.0,4807.0
745.0,4808.0
744.75,4809.5
744.25,4810.5
744.25,4811.75
744.0,4813.0
744.25,4814.0
743.75,4815.5
744.0,4816.5
744.5,4818.0
744.5,4819.0
744.5,4820.0
745.0,4822.0
744.75,4823.0
744.5,4824.5
744.25,4825.5
744.25,4826.5
744.25,4828.0
744.25,4829.0
744.0,4830.5
744.25,4831.5
744.75,4832.5
744.75,4834.0
745.0,4835.0
745.0,4836.5
745.25,4837.5
745.5,4838.5
745.25,4840.0
745.25,4841.0
745.0,4843.0
745.0,4844.0
744.5,4845.25
744.0,4846.5
744.0,4847.5
744.5,4849.0
744.75,4850.0
744.75,4851.25
745.25,4852.5
745.75,4853.5
745.5,4855.0
745.0,4856.0
744.75,4857.5
744.75,4858.5
744.75,4859.5
744.75,4861.0
745.0,4862.0
745.0,4864.0
745.25,4865.0
745.0,4866.0
744.75,4867.5
744.5,4868.5
744.25,4870.0
744.75,4871.0
744.75,4872.0
744.75,4873.5
744.5,4874.5
744.25,4876.0
744.0,4877.0
744.0,4878.0
744.5,4879.5
744.5,4880.5
745.0,4882.0
745.0,4883.0
744.5,4884.25
743.75,4886.0
743.5,4887.0
744.0,4888.5
744.25,4889.5
744.5,4891.0
744.25,4892.0
744.75,4893.0
745.25,4894.5
745.25,4895.5
745.25,4897.0
744.75,4898.0
745.0,4899.0
744.75,4900.5
744.75,4901.5
745.25,4903.0
745.0,4904.0
745.0,4905.0
745.0,4907.0
745.25,4908.0
745.75,4909.5
745.75,4910.5
745.25,4911.5
745.0,4913.0
744.75,4914.0
744.5,4915.5
744.75,4916.5
745.0,4917.5
745.25,4919.0
745.0,4920.0
744.5,4921.5
744.25,4922.5
744.5,4924.0
744.5,4925.0
745.0,4926.0
745.5,4928.0
745.75,4929.0
745.75,4930.5
745.5,4931.5
746.0,4932.5
746.5,4934.0
746.5,4935.0
746.0,4936.5
745.0,4937.5
745.0,4938.5
745.5,4940.0
745.5,4941.0
745.5,4942.5
745.25,4943.5
744.75,4944.5
744.25,4946.0
744.25,4947.0
744.25,4948.5
744.25,4950.0
744.5,4951.0
744.5,4952.5
744.25,4953.5
743.75,4955.0
372.0,2478.0
372.0,2478.5
371.75,2479.25
371.5,2479.75
371.75,2480.5
372.0,2481.0
372.0,2481.75
372.25,2482.25
372.5,2482.75
372.5,2483.5
372.25,2484.0
371.75,2484.75
371.75,2485.5
372.0,2486.0
372.0,2486.75
372.0,2487.25
372.0,2488.0
372.0,2488.5
372.25,2489.0
372.25,2489.75
372.25,2490.25
372.25,2491.0
372.25,2491.5
372.0,2492.0
372.0,2492.75
372.0,2493.25
372.0,2494.0
372.0,2494.5
372.25,2495.25
372.5,2496.0
372.75,2496.5
372.75,2497.25
372.75,2497.75
372.5,2498.5
372.5,2499.0
372.5,2499.5
372.75,2500.25
372.75,2500.75
372.75,2501.5
372.75,2502.0
372.75,2502.75
372.75,2503.25
372.75,2504.0
373.0,2504.5
373.0,2505.0
372.75,2505.75
372.75,2506.25
372.75,2507.25
372.75,2507.75
372.5,2508.5
372.5,2509.0
372.5,2509.75
372.5,2510.25
372.5,2511.0
372.5,2511.5
372.5,2512.0
372.5,2512.75
372.25,2513.25
372.25,2514.0
372.25,2514.5
372.5,2515.25
372.5,2515.75
372.5,2516.5
372.25,2517.0
372.25,2518.0
372.25,2518.5
372.5,2519.0
372.75,2519.75
372.75,2520.25
372.25,2521.0
371.75,2521.5
372.25,2522.25
372.25,2522.75
372.25,2523.5
372.5,2524.0
372.75,2524.75
372.75,2525.25
372.75,2525.75
372.25,2526.5
372.0,2527.0
372.0,2528.0
372.0,2528.5
372.0,2529.25
372.25,2529.75
372.0,2530.5
372.0,2531.0
372.0,2531.75
372.25,2532.25
372.25,2533.0
372.0,2533.5
372.0,2534.0
372.0,2534.75
372.0,2535.25
372.0,2536.0
372.0,2536.5
372.25,2537.25
372.25,2537.75
372.25,2538.75
372.25,2539.25
372.5,2540.0
372.5,2540.5
372.25,2541.0
372.0,2541.75
371.75,2542.25
371.75,2543.0
371.75,2543.5
372.0,2544.25
372.25,2544.75
372.5,2545.5
372.25,2546.0
372.0,2546.75
372.0,2547.25
372.0,2547.75
372.25,2548.5
372.25,2549.0
372.25,2550.0
372.5,2550.5
372.5,2551.25
372.75,2551.75
372.75,2552.5
372.75,2553.0
372.75,2553.75
372.5,2554.25
372.75,2555.0
372.75,2555.5
372.5,2556.0
372.5,2556.75
372.5,2557.25
372.5,2558.0
372.25,2558.5
372.25,2559.25
372.25,2560.0
372.25,2560.75
372.25,2561.25
372.25,2562.0
372.0,2562.5
372.0,2563.0
372.0,2563.75
372.0,2564.25
372.0,2565.0
372.0,2565.5
372.0,2566.25
372.25,2566.75
372.0,2567.5
372.0,2568.0
371.75,2568.75
372.0,2569.25
372.0,2569.75
372.25,2570.75
372.25,2571.25
372.25,2572.0
372.25,2572.5
372.0,2573.25
372.0,2573.75
372.25,2574.5
372.5,2575.0
372.25,2575.75
372.0,2576.25
372.0,2577.0
372.25,2577.5
372.25,2578.0
372.0,2578.75
372.25,2579.25
372.25,2580.0
372.25,2580.5
372.5,2581.5
372.5,2582.0
372.25,2582.75
372.25,2583.25
372.0,2584.0
372.0,2584.5
372.0,2585.0
372.5,2585.75
372.75,2586.25
372.25,2587.0
371.75,2587.5
371.75,2588.25
371.75,2588.75
372.0,2589.5
372.0,2590.0
372.0,2590.75
372.0,2591.25
372.0,2592.0
372.0,2592.75
371.75,2593.25
371.5,2594.0
371.75,2594.5
371.75,2595.25
371.75,2595.75
371.75,2596.5
